{"537777811.111111": 1962, "548888895.555556": 1963, "546666677.777778": 1964, "751111191.111111": 1965, "800000044.444444": 1966, "1006666637.77778": 1967, "1399999966.66667": 1968, "1673333417.77778": 1969, "1373333366.66667": 1970, "1408888922.22222": 1971, "1748886595.55556": 1972, "1831108971.11111": 1973, "1595555475.55556": 1974, "1733333264.44444": 1975, "2155555497.77778": 1976, "2366666615.55556": 1977, "2555555566.66667": 1978, "2953333417.77778": 1979, "3300000108.88889": 1980, "3697940409.61098": 1981, "3641723321.99546": 1982, "3478787909.09091": 1983, "": 2003, "4055176933.36905": 2004, "4515563413.82564": 2005, "5226775163.30205": 2006, "6209140044.00519": 2007, "6971286731.72065": 2008, "9747886104.53251": 2009, "10109218067.7904": 2010, "12439087076.7667": 2011, "15856574731.4411": 2012, "17804280538.1102": 2013, "20001615788.6719": 2014, "20561054090.3995": 2015, "20484873230.2111": 2016, "19907111418.9938": 2017, "19362642266.6484": 2018, "20191764940.1602": 2019}