{"Afghanistan GDP_in 1969": 1408888922.22222, "Average GDP_in 1969": 10793025465.350468}