{"Afghanistan GDP_in 1962": 546666677.777778, "Average GDP_in 1962": 40152297729.74964}