{"Afghanistan GDP_in 1976": 2555555566.66667, "Average GDP_in 1976": 27950395007.051933}