{"Afghanistan GDP_in 1964": 800000044.444444, "Average GDP_in 1964": 47535823355.91182}