{"": 1971, "78619206.0850963": 1972, "89409820.3592814": 1973, "113408231.944085": 1974, "150820102.798401": 1975, "186558696.279204": 1976, "220127246.376812": 1977, "227281024.620741": 1978, "254020153.340635": 1979, "308008897.569444": 1980, "411578334.159643": 1981, "446416105.825017": 1982, "388958731.302938": 1983, "375895956.383462": 1984, "327861832.946636": 1985, "330070689.298282": 1986, "346737964.774951": 1987, "482000594.03588": 1988, "611316399.407088": 1989, "721425939.15155": 1990, "795449332.396346": 1991, "1029048481.88051": 1992, "1106928582.86629": 1993, "1210013651.87713": 1994, "1007025755.00065": 1995, "1017549124.33238": 1996, "1178738991.19295": 1997, "1223945356.62682": 1998, "1180597272.72727": 1999, "1211932397.81713": 2000, "1239876305.13531": 2001, "1434429703.33518": 2002, "1496912751.67785": 2003, "1733116883.11688": 2004, "2398645598.19413": 2005, "2935659299.72684": 2006, "3255789080.96008": 2007, "3543256805.92147": 2008, "4016972351.49192": 2009, "4007353156.58415": 2010, "3660530702.97305": 2011, "3355695364.23841": 2012, "3442062830.13622": 2013, "3164615186.94591": 2014, "3281585236.32501": 2015, "3350736367.25488": 2016, "2811489408.89431": 2017, "2877311946.90265": 2018, "3013387423.93509": 2019}