{"": 1987, "405463417.11746": 1988, "487602457.746416": 1989, "596423607.114715": 1990, "695304363.031101": 1991, "764887117.194486": 1992, "872138730.754587": 1993, "958463200.205402": 1994, "1082979707.65566": 1995, "1245688253.10539": 1996, "1320474860.3352": 1997, "1379960893.85475": 1998, "1531944134.07821": 1999, "1665100558.65922": 2000, "1722798882.68156": 2001, "1873452513.96648": 2002, "1920111731.84358": 2003, "1941340782.12291": 2004, "2021229050.27933": 2005, "2228491620.11173": 2006, "2330726256.98324": 2007, "2424581005.58659": 2008, "2615083798.88268": 2009, "2745251396.64804": 2010, "2498882681.56425": 2011, "2390502793.29609": 2012, "2549720670.39106": 2013, "2534636871.50838": 2014, "2581564245.81006": 2015, "2649720670.39106": 2016, "2691620111.73184": 2017, "2646927374.30168": 2018, "2700558659.21788": 2019}