{"195999990.0": 1962, "202999992.0": 1963, "213500006.0": 1964, "232749998.0": 1965, "260750008.0": 1966, "158994962.962963": 1967, "165444571.428571": 1968, "178297142.857143": 1969, "183200000.0": 1970, "190205714.285714": 1971, "242732571.428571": 1972, "252842285.714286": 1973, "246804571.428571": 1974, "304339839.552146": 1975, "345263492.063492": 1976, "420986666.666667": 1977, "448412753.623188": 1978, "547535555.555556": 1979, "610225555.555556": 1980, "782496666.666667": 1981, "919726666.666667": 1982, "969046666.666667": 1983, "1013222222.22222": 1984, "1082926304.46477": 1985, "987143931.166987": 1986, "1149979285.77347": 1987, "1201725497.06578": 1988, "1131466494.01101": 1989, "1082403219.48787": 1990, "1113924130.41149": 1991, "1132101252.51817": 1992, "1167398478.3459": 1993, "1083037670.60484": 1994, "938632612.026359": 1995, "925030590.153683": 1996, "1000428393.88528": 1997, "869033856.317093": 1998, "972896267.915425": 1999, "893770806.077641": 2000, "808077223.365746": 2001, "870486065.883137": 2002, "876794723.068586": 2003, "825394490.159111": 2004, "784654423.620476": 2005, "915257323.3961": 2006, "1117113045.65222": 2007, "1273375020.26862": 2008, "1356199364.85882": 2009, "1611835901.9063": 2010, "1781455092.07114": 2011, "2032135246.50004": 2012, "2235820867.82743": 2013, "2333308099.46249": 2014, "2451625332.74584": 2015, "2705783272.07443": 2016, "3104394858.11518": 2017, "2959640987.29943": 2018, "3172292379.36329": 2019}