{"Finland GDP_in 1964": 7766655085.78588, "Average GDP_in 1964": 7084883653.373959}