{"0.0": 2019, "176534589.603389": 1967, "215659455.017302": 1968, "220984369.12915": 1969, "259590076.293001": 1970, "242943776.862299": 1971, "254035999.217197": 1972, "296613496.873269": 1973, "325843254.667123": 1974, "431254103.046477": 1975, "555337985.682991": 1976, "690319754.911192": 1977, "732286143.34291": 1978, "793193187.41557": 1979, "1005573294.20763": 1980, "1215031775.26795": 1981, "1362151523.68993": 1982, "1279972866.38172": 1983, "1286462642.63697": 1984, "1335895286.3918": 1985, "1378991403.37881": 1986, "1507230778.89921": 1987, "2301514717.29807": 1988, "2543199148.3893": 1989, "2687472829.62988": 1990, "2636461517.1052": 1991, "3181206304.81549": 1992, "3267367609.89528": 1993, "3558215110.24809": 1994, "3694600399.89225": 1995, "3522272321.40766": 1996, "3982374845.92709": 1997, "3954696873.74892": 1998, "3567062511.87293": 1999, "3775160797.38928": 2000, "3797016068.69688": 2001, "3447543137.9415": 2002}