{"0.0": 1971, "301791301.791302": 1972, "387700084.245998": 1973, "510259940.720474": 1974, "793884368.040437": 1975, "2401403227.44085": 1976, "2512784033.37828": 1977, "3284301332.18953": 1978, "3617580171.76055": 1979, "4052000412.70087": 1980, "5633000318.02401": 1981, "7829094613.07082": 1982, "8661263763.73626": 1983, "7596703214.28571": 1984, "6467582307.69231": 1985, "6704395824.17583": 1986, "6153296456.04396": 1987, "5053021950.54945": 1988, "5446428681.31868": 1989, "6038187032.96703": 1990, "6487912087.91209": 1991, "7360439423.07692": 1992, "6883516483.51648": 1993, "7646153983.51648": 1994, "7156593653.84615": 1995, "7374450769.23077": 1996, "8137911978.02198": 1997, "9059340384.61539": 1998, "11297802115.3846": 1999, "10255495027.4725": 2000, "12393131868.1319": 2001, "17759890109.8901": 2002, "17538461538.4615": 2003, "19363736263.7363": 2004, "23533791208.7912": 2005, "31734065934.0659": 2006, "44530494505.4945": 2007, "60882142857.1428": 2008, "79712087912.0879": 2009, "115270054945.055": 2010, "97798351648.3516": 2011, "125122306346.154": 2012, "167775274725.275": 2013, "186833516483.516": 2014, "198727747252.747": 2015, "206224725274.725": 2016, "161739835164.835": 2017, "151732142857.143": 2018, "166928571428.571": 2019}