{"0.0": 1969, "4187777711.11111": 1970, "4485777644.44444": 1971, "5377333333.33333": 1972, "7184853347.5974": 1973, "9664157498.5524": 1974, "14947391140.1284": 1975, "45412957746.4789": 1976, "46773368205.5947": 1977, "64005665722.3796": 1978, "74188249978.724": 1979, "80265619484.6452": 1980, "111859676267.555": 1981, "164541738058.737": 1982, "184291796008.869": 1983, "153239017560.236": 1984, "129171635311.143": 1985, "119624858115.778": 1986, "103897846493.65": 1987, "86961922765.3254": 1988, "85695861148.1976": 1989, "88256074766.3551": 1990, "95344459279.0387": 1991, "117630271802.403": 1992, "132223268491.322": 1993, "137087876662.216": 1994, "132967901415.22": 1995, "135174886488.652": 1996, "143343036341.789": 1997, "158662398744.993": 1998, "165963557409.88": 1999, "146775498080.0": 2000, "161716960000.0": 2001, "189514926213.333": 2002, "184137469733.333": 2003, "189605920240.0": 2004, "215807655253.333": 2005, "258742133333.333": 2006, "328459608764.111": 2007, "376900133511.348": 2008, "415964509673.115": 2009, "519796800000.0": 2010, "429097866666.667": 2011, "528207200000.0": 2012, "671238840106.667": 2013, "735974843360.0": 2014, "746647127413.333": 2015, "756350347333.334": 2016, "654269902880.0": 2017, "644935541440.0": 2018, "688586133333.333": 2019}